LABEL,ID,TRACK_ID,QUALITY,POSITION_X,POSITION_Y,POSITION_Z,POSITION_T,FRAME,RADIUS,VISIBILITY,MANUAL_SPOT_COLOR,MEAN_INTENSITY_CH1,MEDIAN_INTENSITY_CH1,MIN_INTENSITY_CH1,MAX_INTENSITY_CH1,TOTAL_INTENSITY_CH1,STD_INTENSITY_CH1,CONTRAST_CH1,SNR_CH1
Label,Spot ID,Track ID,Quality,X,Y,Z,T,Frame,Radius,Visibility,Manual spot color,Mean intensity ch1,Median intensity ch1,Min intensity ch1,Max intensity ch1,Sum intensity ch1,Std intensity ch1,Contrast ch1,Signal/Noise ratio ch1
Label,Spot ID,Track ID,Quality,X,Y,Z,T,Frame,R,Visibility,Spot color,Mean ch1,Median ch1,Min ch1,Max ch1,Sum ch1,Std ch1,Ctrst ch1,SNR ch1
,,,(quality),(pixel),(pixel),(pixel),(frame),,(pixel),,,(counts),(counts),(counts),(counts),(counts),(counts),,
ID59392,59392,0,6.540214538574219,93.27379834605094,66.29671196110968,0.0,171.0,171,10.0,1,,150.0458452722063,182.0,0.0,255.0,52366.0,102.58079611336531,0.9593050556583275,1.4323283204624007
ID59393,59393,0,6.515684604644775,95.03356234160614,68.69611350849299,0.0,174.0,174,10.0,1,,147.95702005730658,164.0,0.0,255.0,51637.0,103.0182769647968,0.9519707083238275,1.400882077047611
ID59394,59394,0,6.3603081703186035,96.45286147049337,68.40451889537489,0.0,175.0,175,10.0,1,,135.84527220630372,146.0,0.0,255.0,47410.0,109.45520320092682,0.9585142397872577,1.2148144471675255
ID59395,59395,0,6.137072563171387,98.4346390086236,67.24745937804148,0.0,176.0,176,10.0,1,,127.92550143266476,128.0,0.0,255.0,44646.0,107.95396079999037,0.9549219878372782,1.1576759324970387
ID59396,59396,0,6.347930908203125,100.57853534225632,68.184155046309,0.0,178.0,178,10.0,1,,132.865329512894,128.0,0.0,255.0,46370.0,110.38770065284784,0.9612736473998458,1.1798582157860205
ID59397,59397,0,6.438407897949219,98.03728784486918,66.98007505283147,0.0,177.0,177,10.0,1,,136.18051575931233,146.0,0.0,255.0,47527.0,109.31005710725226,0.9761208892635257,1.2307644601996024
ID59398,59398,0,6.055562973022461,99.85598922083192,63.635058371031825,0.0,185.0,185,10.0,1,,127.26074498567336,128.0,0.0,255.0,44414.0,108.28457707714797,0.9644619273110775,1.1539827695065434
ID59399,59399,0,6.15806770324707,99.10519822729162,68.68176504584252,0.0,183.0,183,10.0,1,,130.48997134670486,146.0,0.0,255.0,45541.0,106.43263498542997,0.9287092334986952,1.1807156535325576
ID59400,59400,0,6.343278884887695,98.60977616139732,67.84242316227524,0.0,184.0,184,10.0,1,,134.03724928366762,146.0,0.0,255.0,46779.0,110.06375524076583,0.9522542502395016,1.1880308512809796
ID59401,59401,0,6.315584659576416,100.92331357904597,68.38959262380818,0.0,180.0,180,10.0,1,,131.50716332378224,128.0,0.0,255.0,45896.0,109.93936719862236,0.9666226576900315,1.175877566944544
ID59402,59402,0,6.24155330657959,98.76215688515703,69.90980515436382,0.0,181.0,181,10.0,1,,133.56160458452723,128.0,0.0,255.0,46613.0,107.34759211575275,0.9416174980889767,1.2067857114839646
ID59403,59403,0,6.3905158042907715,103.02288063051172,66.50840995966838,0.0,186.0,186,10.0,1,,136.34383954154728,146.0,0.0,255.0,47584.0,110.81286310732675,0.9500981752643926,1.1989121117606967
ID59404,59404,0,6.21247673034668,97.44957836603982,71.42154423243191,0.0,182.0,182,10.0,1,,132.3753581661891,128.0,0.0,255.0,46199.0,109.10887513128547,0.9342325593067546,1.1719885664320135
ID59405,59405,0,6.346008777618408,100.01831627925418,68.01912983274491,0.0,179.0,179,10.0,1,,131.6160458452722,146.0,0.0,255.0,45934.0,110.2892038117206,0.9611479332074163,1.1697302334925983
ID59406,59406,0,6.409555912017822,100.83915801123315,66.60197598186687,0.0,187.0,187,10.0,1,,140.86819484240687,164.0,0.0,255.0,49163.0,105.7994189976378,0.9685712670721065,1.3102075623077485
ID59407,59407,0,6.76284122467041,102.87287759222474,67.96070404228358,0.0,189.0,189,10.0,1,,155.63610315186247,182.0,0.0,255.0,54317.0,102.77565659906374,0.9656734667739131,1.4878837725402743
ID59408,59408,0,6.501506805419922,101.96552706018495,65.80038258846263,0.0,188.0,188,10.0,1,,148.12893982808023,164.0,0.0,255.0,51697.0,104.58361882602064,0.9753378038162727,1.3986850319366089
ID59409,59409,0,6.487297058105469,103.37168092648777,70.38295270964416,0.0,193.0,193,10.0,1,,172.96275071633238,201.0,0.0,255.0,60364.0,84.50543265810595,0.9619278427794786,2.007046407296894
ID59410,59410,0,6.822499752044678,103.12756424325669,68.81825369914591,0.0,190.0,190,10.0,1,,160.7650429799427,201.0,0.0,255.0,56107.0,102.16142193028239,0.9759244265614462,1.5544635600995327
ID59411,59411,0,6.30113410949707,107.09366889721645,69.22951342001157,0.0,196.0,196,10.0,1,,172.82808022922637,182.0,0.0,255.0,60317.0,75.8814805752521,0.9594198733178324,2.230435696260632
ID59412,59412,0,6.323642730712891,106.80264141369186,68.82386816165373,0.0,197.0,197,10.0,1,,162.67908309455586,182.0,0.0,255.0,56775.0,83.87041964310728,0.9648213043322584,1.9049199130277192
ID59413,59413,0,6.272624492645264,104.38742160435471,70.97704421933632,0.0,195.0,195,10.0,1,,170.1948424068768,201.0,0.0,255.0,59398.0,88.7764975939405,0.9499272613920279,1.8678858140770402
ID59414,59414,0,6.629496097564697,102.76908844586782,70.01587132871364,0.0,192.0,192,10.0,1,,167.02865329512895,182.0,0.0,255.0,58293.0,89.29126615247544,0.9673372925746553,1.8395478976092146
ID59415,59415,0,6.228842735290527,102.46511041074461,68.42540844141118,0.0,191.0,191,10.0,1,,157.50429799426934,182.0,0.0,255.0,54969.0,90.24126734509451,0.962261857121145,1.71180199561773
ID59416,59416,0,6.218764305114746,104.77542023637368,68.71109720805609,0.0,194.0,194,10.0,1,,172.72206303724928,182.0,0.0,255.0,60280.0,80.50315978867866,0.9560758620378459,2.0973530656963013
ID59417,59417,0,6.017441272735596,107.80952512858781,69.97511339206167,0.0,199.0,199,10.0,1,,164.00859598853867,182.0,0.0,255.0,57239.0,79.1304933850909,0.9535157834341816,2.0233159013379463
ID59418,59418,0,5.910599231719971,109.3167772869183,69.44349036359266,0.0,198.0,198,10.0,1,,157.4269340974212,182.0,0.0,255.0,54942.0,85.96560035783833,0.986960342096172,1.8192602729033436
ID59220,59220,0,5.820381164550781,107.42769299222483,72.84821144582939,0.0,0.0,0,10.0,1,,184.6189111747851,201.0,0.0,255.0,64432.0,66.65217475792114,0.9189348978663535,2.652872393584168
ID59221,59221,0,6.304749488830566,112.29837413473759,70.90322127836139,0.0,3.0,3,10.0,1,,177.61318051575932,201.0,0.0,255.0,61987.0,76.07506840398729,0.933186435210535,2.2540186935921893
ID59222,59222,0,6.049588680267334,114.19637054354256,69.25709620894105,0.0,5.0,5,10.0,1,,169.7593123209169,182.0,0.0,255.0,59246.0,75.94636231545952,0.9594959359207246,2.1890485746477544
ID59223,59223,0,6.0398454666137695,108.46370891565088,73.41753036497224,0.0,1.0,1,10.0,1,,184.95702005730658,201.0,0.0,255.0,64550.0,75.65933091372673,0.9119068883104128,2.331965265527912
ID59224,59224,0,5.904319763183594,113.69359272820236,67.30334544797545,0.0,7.0,7,10.0,1,,179.96275071633238,201.0,0.0,255.0,62807.0,70.78055198667394,0.9378773536260814,2.4610386542889273
ID59225,59225,0,5.882185935974121,113.99525690859274,68.04982082530393,0.0,9.0,9,10.0,1,,179.33810888252148,201.0,0.0,255.0,62589.0,67.74589318578555,0.9324792740267012,2.554723784523183
ID59226,59226,0,6.052056789398193,113.89579310443845,69.37736012521296,0.0,4.0,4,10.0,1,,175.09455587392551,201.0,0.0,255.0,61108.0,76.3736256090226,0.9446796009461275,2.227387148673607
ID59227,59227,0,6.225379943847656,111.42592103922861,74.98699707129504,0.0,2.0,2,10.0,1,,171.2464183381089,182.0,0.0,255.0,59765.0,80.21395255174697,0.9370707159900702,2.0655155375765397
ID59228,59228,0,5.900684833526611,113.09623742122294,67.79780572629798,0.0,6.0,6,10.0,1,,186.76790830945558,201.0,0.0,255.0,65182.0,64.71556246093547,0.9208412906983958,2.767048826454296
ID59229,59229,0,6.03063440322876,114.91663845616894,67.89751917992865,0.0,8.0,8,10.0,1,,177.32091690544414,182.0,0.0,255.0,61885.0,70.69047915267672,0.9441238799852085,2.4363186305656006
ID59230,59230,0,5.6700439453125,114.20533905616018,64.53446122348278,0.0,10.0,10,10.0,1,,180.41547277936962,201.0,0.0,255.0,62965.0,72.76577832702223,0.9338362021913699,2.3945704426226246
ID59231,59231,0,5.990157127380371,116.26830956488213,64.52432872197946,0.0,12.0,12,10.0,1,,159.84527220630372,182.0,0.0,255.0,55786.0,89.48263885906279,0.9580486384094528,1.7480549903930414
ID59232,59232,0,6.138606548309326,109.50734801564818,61.96380564842442,0.0,15.0,15,10.0,1,,177.31805157593124,201.0,0.0,255.0,61884.0,79.1759951480687,0.9501553585285036,2.182301879992091
ID59233,59233,0,6.25812292098999,113.57358613346842,64.74140382744032,0.0,13.0,13,10.0,1,,151.95702005730658,164.0,0.0,255.0,53033.0,98.55152621765977,0.9689339974369238,1.517575987261177
ID59234,59234,0,6.219413757324219,110.88476077669868,65.48943074451991,0.0,14.0,14,10.0,1,,163.60744985673352,201.0,0.0,255.0,57099.0,92.41562197875123,0.9507503036974163,1.7256490229005657
ID59235,59235,0,5.981698513031006,115.77071186426916,63.509663123419436,0.0,11.0,11,10.0,1,,164.77077363896848,182.0,0.0,255.0,57505.0,86.73721148393565,0.9494208252538561,1.8503669934914495
ID59236,59236,0,6.063135147094727,110.9682318929545,63.006144813325605,0.0,16.0,16,10.0,1,,184.27793696275072,201.0,0.0,255.0,64313.0,71.3068897727631,0.9377421062207573,2.501262568038042
ID59237,59237,0,6.287467956542969,109.79037712623924,61.57372183711581,0.0,19.0,19,10.0,1,,171.9169054441261,201.0,0.0,255.0,59999.0,85.05965773681582,0.9636691493562863,1.983739260680411
ID59238,59238,0,5.791852951049805,112.89484139390694,61.947598548893566,0.0,17.0,17,10.0,1,,181.55587392550143,201.0,0.0,255.0,63363.0,67.35969156175221,0.9296765308772319,2.597093365572664
ID59239,59239,0,5.946702480316162,110.10969010952475,59.59684875493182,0.0,18.0,18,10.0,1,,184.03151862464185,219.0,0.0,255.0,64227.0,78.6932545652197,0.9321770874452193,2.2565044519799797
ID59240,59240,0,6.237010478973389,113.17378918865201,54.659885895798126,0.0,21.0,21,10.0,1,,188.64469914040114,219.0,0.0,255.0,65837.0,73.6092499242204,0.9451418383129567,2.49050789411158
ID59241,59241,0,5.86457633972168,110.24740050466734,59.92324845590909,0.0,20.0,20,10.0,1,,160.64183381088824,182.0,0.0,255.0,56064.0,81.2165444689569,0.9309675921014211,1.9072328542929387
ID59242,59242,0,6.3737406730651855,112.09715949606915,50.22178987106955,0.0,23.0,23,10.0,1,,157.79942693409743,182.0,0.0,255.0,55072.0,94.0208151306481,0.9792713787924641,1.6607685891188464
ID59243,59243,0,6.52555513381958,112.12567851454807,51.68129617286771,0.0,22.0,22,10.0,1,,160.676217765043,182.0,0.0,255.0,56076.0,92.31007859893178,0.979173560489964,1.7222979020914184
ID59244,59244,0,6.358572959899902,113.37390823975926,50.144721244726746,0.0,24.0,24,10.0,1,,159.77363896848138,182.0,0.0,255.0,55761.0,92.76625422958921,0.9735593019895659,1.6992502071858575
ID59245,59245,0,6.12680721282959,113.21926032867437,50.94841883286152,0.0,25.0,25,10.0,1,,166.8137535816619,182.0,0.0,255.0,58218.0,85.95078272869132,0.9607025159458681,1.9019068226951443
ID59246,59246,0,5.969210624694824,108.84600882142259,52.85300342991621,0.0,26.0,26,10.0,1,,171.22922636103152,182.0,0.0,255.0,59759.0,79.27048235787615,0.9688415095684613,2.125878157809116
ID59247,59247,0,5.728556156158447,106.20791677934227,54.721632807976704,0.0,29.0,29,10.0,1,,177.07736389684814,201.0,0.0,255.0,61800.0,74.29006738838795,0.9346449157722838,2.303072835989218
ID59248,59248,0,6.180940628051758,108.38761808785134,55.68075568861501,0.0,27.0,27,10.0,1,,174.02865329512895,182.0,0.0,255.0,60736.0,79.62984974074078,0.952112948215438,2.131858562368409
ID59249,59249,0,6.081186771392822,105.83103006344601,56.731476805562195,0.0,30.0,30,10.0,1,,168.39255014326648,182.0,0.0,255.0,58769.0,80.61696757867716,0.951514370149453,2.03690141338112
ID59250,59250,0,5.72428035736084,108.32305893368049,57.69374867257682,0.0,32.0,32,10.0,1,,181.88825214899714,201.0,0.0,255.0,63479.0,70.69244220268477,0.9341375123292498,2.4853360780047145
ID59251,59251,0,6.17869234085083,105.1419661028436,56.93554717232154,0.0,31.0,31,10.0,1,,173.95988538681948,182.0,0.0,255.0,60712.0,79.52295696869123,0.9496123724839065,2.1310060378891054
ID59252,59252,0,5.4290008544921875,106.64716532809703,58.493733904534736,0.0,35.0,35,10.0,1,,173.79083094555875,182.0,0.0,255.0,60653.0,70.61754956447751,0.9202163953322864,2.3587613622777317
ID59253,59253,0,5.876291275024414,107.54171994617344,61.059126551746104,0.0,33.0,33,10.0,1,,170.14613180515758,182.0,0.0,255.0,59381.0,75.67173410694855,0.9378725542943904,2.176391415786603
ID59254,59254,0,5.662765026092529,108.53897521925897,57.51691103456048,0.0,37.0,37,10.0,1,,175.46991404011462,201.0,0.0,255.0,61239.0,79.76259555521766,0.8988988253370028,2.0827750577298727
ID59255,59255,0,5.739394187927246,107.58761783925908,60.74581400888133,0.0,34.0,34,10.0,1,,170.86819484240687,182.0,0.0,255.0,59633.0,76.2783005133395,0.941332723205622,2.1723680143470774
ID59256,59256,0,5.678765296936035,107.37318506983846,57.749825406043385,0.0,36.0,36,10.0,1,,182.12320916905443,201.0,0.0,255.0,63561.0,73.54152205070051,0.9161577346495254,2.368108910595868
ID59257,59257,0,5.825808525085449,109.35003792887194,60.50832810522982,0.0,39.0,39,10.0,1,,171.8567335243553,182.0,0.0,255.0,59978.0,81.37861768140499,0.9437660315396058,2.050721070582742
ID59258,59258,0,5.653749465942383,110.0591995147881,57.30321728343437,0.0,38.0,38,10.0,1,,181.15186246418338,201.0,0.0,255.0,63222.0,72.90280396215404,0.9261367674579788,2.389552470519843
ID59259,59259,0,5.887518405914307,107.53457129337895,57.79113235157379,0.0,41.0,41,10.0,1,,175.66189111747852,201.0,0.0,255.0,61306.0,73.28793206298421,0.9466818709536566,2.3312248187154263
ID59260,59260,0,5.860602855682373,106.8368832240939,60.16740993908555,0.0,42.0,42,10.0,1,,165.810888252149,164.0,0.0,255.0,57868.0,74.64855432434375,0.9410678004568521,2.153782523468551
ID59261,59261,0,5.797384262084961,108.51065090827588,59.873830482407854,0.0,40.0,40,10.0,1,,171.73352435530086,182.0,0.0,255.0,59935.0,74.94086208250903,0.9312286004214845,2.209983417665622
ID59262,59262,0,5.582322597503662,100.65937661416442,64.14706724700834,0.0,45.0,45,10.0,1,,154.3295128939828,164.0,0.0,255.0,53861.0,87.38837060010519,0.9656769142918785,1.7351820698363545
ID59263,59263,0,5.706497669219971,104.49516993371353,63.654146197853905,0.0,43.0,43,10.0,1,,158.25214899713467,164.0,0.0,255.0,55230.0,84.30677102394264,0.9379226935581981,1.8169699779534656
ID59264,59264,0,6.023527145385742,101.28500516263121,66.43488429165093,0.0,47.0,47,10.0,1,,156.14899713467048,164.0,0.0,255.0,54496.0,88.26846868302731,0.9709161233240905,1.7429188764977706
ID59265,59265,0,5.803717613220215,102.52548694814942,62.919600025063836,0.0,44.0,44,10.0,1,,173.40401146131805,201.0,0.0,255.0,60518.0,83.25266269574144,0.959496346810592,2.039810723322452
ID59266,59266,0,6.264873027801514,100.7633550642526,66.24507437706689,0.0,46.0,46,10.0,1,,168.77363896848138,201.0,0.0,255.0,58902.0,88.34801088443965,0.9701140140541203,1.8813485028206833
ID59267,59267,0,5.607292175292969,100.92656648612677,63.44459648680383,0.0,51.0,51,10.0,1,,169.1404011461318,182.0,0.0,255.0,59030.0,75.54773402247464,0.9523229632387468,2.1841803886360074
ID59268,59268,0,5.732495307922363,100.25082584662488,64.41903287309725,0.0,50.0,50,10.0,1,,167.55587392550143,182.0,0.0,255.0,58477.0,77.01474258887087,0.9567117967600399,2.127502360047383
ID59269,59269,0,5.90556001663208,100.29837072399594,67.18336028817542,0.0,48.0,48,10.0,1,,168.01719197707737,182.0,0.0,255.0,58638.0,79.6229602284456,0.9576178303651671,2.064475388815661
ID59270,59270,0,6.014418125152588,101.96177016880867,65.73393812075939,0.0,49.0,49,10.0,1,,167.65902578796562,182.0,0.0,255.0,58513.0,77.67295169803297,0.9585164413752402,2.1128052607899597
ID59271,59271,0,5.786508560180664,107.06704801961473,65.39604536889385,0.0,55.0,55,10.0,1,,176.91977077363896,182.0,0.0,255.0,61745.0,71.58063039833603,0.9453420677048602,2.402170619099487
ID59272,59272,0,5.631234645843506,104.88243094106092,65.18812860735308,0.0,53.0,53,10.0,1,,168.9111747851003,201.0,0.0,255.0,58950.0,77.38235873718843,0.9526336794506692,2.1298625153908772
ID59273,59273,0,5.710972309112549,104.42106450154732,63.099566135430535,0.0,52.0,52,10.0,1,,167.04297994269342,182.0,0.0,255.0,58298.0,80.84031292241052,0.9565702640266611,2.0204665557660464
ID59274,59274,0,6.223641395568848,108.72558185220609,66.48952316177096,0.0,56.0,56,10.0,1,,169.04011461318052,182.0,0.0,255.0,58995.0,84.7081778678302,0.9630393875589135,1.9579854963740608
ID59275,59275,0,6.406320571899414,106.83868647288922,65.34263951558162,0.0,58.0,58,10.0,1,,159.97421203438395,182.0,0.0,255.0,55831.0,89.34391719622766,0.9577689718109444,1.7519201500618933
ID59276,59276,0,5.8340678215026855,106.50497077446857,65.5705512389094,0.0,54.0,54,10.0,1,,176.54154727793696,201.0,0.0,255.0,61613.0,74.1101744214076,0.9315736558381399,2.297761846374637
ID59277,59277,0,5.8853888511657715,108.0440236926165,66.04290527737972,0.0,57.0,57,10.0,1,,171.17765042979943,182.0,0.0,255.0,59741.0,79.11139000041003,0.9529888667689014,2.111670247498151
ID59278,59278,0,6.414422035217285,108.30421122157954,67.39634520479082,0.0,59.0,59,10.0,1,,144.42120343839542,164.0,0.0,255.0,50403.0,101.54520372571524,0.97572977533917,1.4047645956588828
ID59279,59279,0,6.341938495635986,105.19910651507138,69.03648459057385,0.0,64.0,64,10.0,1,,152.73352435530086,182.0,0.0,255.0,53304.0,98.67210615877008,0.9661119009636397,1.5212099961999017
ID59280,59280,0,6.468444347381592,106.25115661427873,68.11320507954518,0.0,60.0,60,10.0,1,,154.945558739255,182.0,0.0,255.0,54076.0,95.94784211717695,0.9672268601397355,1.5879902046361223
ID59281,59281,0,6.513278484344482,105.1317714103397,69.6323176140521,0.0,62.0,62,10.0,1,,154.67908309455586,182.0,0.0,255.0,53983.0,101.16726870202721,0.9619355357920508,1.4992801626901315
ID59282,59282,0,6.452025890350342,108.32365271398847,69.75739484443145,0.0,61.0,61,10.0,1,,154.98567335243553,182.0,0.0,255.0,54090.0,97.44100673821745,0.9669093422483643,1.56379997225332
ID59283,59283,0,6.532071113586426,104.0421590319901,73.03797886574614,0.0,65.0,65,10.0,1,,149.17478510028653,182.0,0.0,255.0,52062.0,103.27266022954784,0.9691594224913189,1.421852011872042
ID59284,59284,0,6.49554967880249,102.61090495219862,71.73317785687507,0.0,66.0,66,10.0,1,,149.1919770773639,164.0,0.0,255.0,52068.0,102.26886102547375,0.9674551767086379,1.434689935139428
ID59285,59285,0,6.285739421844482,105.3521560534528,67.74635986721692,0.0,63.0,63,10.0,1,,146.64756446991404,164.0,0.0,255.0,51180.0,101.23055582317777,0.9714661667904201,1.4276823172098418
ID59286,59286,0,6.3224287033081055,105.9623227545265,72.13641760869208,0.0,69.0,69,10.0,1,,145.5214899713467,164.0,0.0,255.0,50787.0,101.95831197936589,0.9561636156370107,1.3952805125238859
ID59287,59287,0,6.13407564163208,104.43510942715521,73.66019688847828,0.0,67.0,67,10.0,1,,132.8968481375358,128.0,0.0,255.0,46381.0,108.04389655131482,0.9512933146114734,1.199323452756885
ID59288,59288,0,6.431924343109131,104.82252349132901,73.85297368377842,0.0,71.0,71,10.0,1,,143.58739255014328,164.0,0.0,255.0,50112.0,104.47216238864156,0.9361140629370341,1.3290568278503478
ID59289,59289,0,6.400765895843506,104.04968618306007,73.11599150449698,0.0,70.0,70,10.0,1,,143.8137535816619,164.0,0.0,255.0,50191.0,105.17225736068161,0.9682309573274266,1.3453402255678526
ID59290,59290,0,6.458973407745361,105.42038006676225,71.07141015971747,0.0,68.0,68,10.0,1,,142.54154727793696,164.0,0.0,255.0,49747.0,109.21915445514993,0.969221247863503,1.2846980580587575
ID59291,59291,0,6.36720609664917,107.05772546078562,75.73186094794846,0.0,73.0,73,10.0,1,,134.7106017191977,164.0,0.0,255.0,47014.0,110.45040717331817,0.95180556715419,1.1895320249217973
ID59292,59292,0,6.379634857177734,105.36565373225407,75.98911246433701,0.0,72.0,72,10.0,1,,139.7593123209169,164.0,0.0,255.0,48776.0,107.73799880140982,0.9777503525016472,1.2826210315917075
ID59293,59293,0,6.37326717376709,109.31777289937273,73.57361974698914,0.0,74.0,74,10.0,1,,135.9111747851003,146.0,0.0,255.0,47433.0,108.90104448400767,0.9536439472986001,1.2184114102431034
ID59294,59294,0,6.123193740844727,106.92489523262263,79.1536341434501,0.0,76.0,76,10.0,1,,126.5243553008596,128.0,0.0,255.0,44157.0,110.00218183546659,0.9551315768416223,1.1238026262781893
ID59295,59295,0,6.201602458953857,107.22385347721442,78.07043495548152,0.0,77.0,77,10.0,1,,129.4240687679083,128.0,0.0,255.0,45169.0,108.21027366694749,0.9486188665515601,1.1645051241006932
ID59296,59296,0,6.058897495269775,106.74781506340689,81.10195801868262,0.0,79.0,79,10.0,1,,123.60744985673352,109.0,0.0,255.0,43139.0,110.13152039003471,0.9626795538488021,1.1010203783700765
ID59297,59297,0,6.062472820281982,107.60672614465165,74.33741808085962,0.0,75.0,75,10.0,1,,129.50143266475644,128.0,0.0,255.0,45196.0,104.28987080783041,0.9626441055745298,1.2181103710550107
ID59298,59298,0,6.079402446746826,107.05522147628234,78.16178172149154,0.0,78.0,78,10.0,1,,126.96275071633238,128.0,0.0,255.0,44310.0,106.37523742506743,0.9571441504839304,1.1674016739269897
ID59299,59299,0,6.06500244140625,107.40131650056836,80.60221112612022,0.0,80.0,80,10.0,1,,124.10028653295129,109.0,0.0,255.0,43311.0,109.53233252210835,0.9549242794512496,1.1068771928630985
ID59300,59300,0,6.18447732925415,100.26957592661682,78.84102569734428,0.0,85.0,85,10.0,1,,127.27507163323783,109.0,0.0,255.0,44419.0,109.63987016439057,0.9450244990354414,1.1280356487978913
ID59301,59301,0,6.156490802764893,100.85356895327689,78.79790527725049,0.0,84.0,84,10.0,1,,126.1919770773639,128.0,0.0,255.0,44041.0,110.06975501894499,0.9411870134125394,1.111737587529029
ID59302,59302,0,6.072370529174805,104.59431667761478,77.71771484049304,0.0,82.0,82,10.0,1,,124.0,109.0,0.0,255.0,43276.0,111.23313510293409,0.9154588810050018,1.0655737458451664
ID59303,59303,0,5.966038227081299,106.16200766654278,80.10088747154967,0.0,81.0,81,10.0,1,,117.36389684813754,91.0,0.0,255.0,40960.0,111.00852697262941,0.9610127430719023,1.0362317801331287
ID59304,59304,0,6.100490093231201,102.01320492025333,80.43784988533058,0.0,86.0,86,10.0,1,,126.96848137535817,109.0,0.0,255.0,44312.0,110.65918805175373,0.9407168037228202,1.1123339099647636
ID59305,59305,0,6.218518257141113,102.91730464814664,78.20501007295341,0.0,83.0,83,10.0,1,,126.76790830945559,128.0,0.0,255.0,44242.0,112.19508103541463,0.9527664407503883,1.1025585266984024
ID59306,59306,0,6.402708053588867,101.69375756846206,83.2842082627148,0.0,88.0,88,10.0,1,,136.44985673352434,146.0,0.0,255.0,47621.0,109.02900031396294,0.9678692313467331,1.2310664566347371
ID59307,59307,0,6.21057653427124,101.87765960189058,81.95907844200968,0.0,87.0,87,10.0,1,,130.8939828080229,146.0,0.0,255.0,45682.0,110.55571588237355,0.9264132245345478,1.138737891598193
ID59308,59308,0,6.204275608062744,103.63163666890566,81.63455415340856,0.0,91.0,91,10.0,1,,124.4756446991404,128.0,0.0,255.0,43442.0,113.22933501267953,0.9657205577931601,1.0801526119933573
ID59309,59309,0,6.106390476226807,104.5380143612046,83.03591535397098,0.0,90.0,90,10.0,1,,122.69054441260745,109.0,0.0,255.0,42819.0,113.34045674194576,0.9528720943610385,1.056372141782654
ID59310,59310,0,6.234208106994629,102.88066235568834,81.0981200046307,0.0,92.0,92,10.0,1,,125.5243553008596,109.0,0.0,255.0,43808.0,112.35927396234197,0.9707436083846547,1.100584732569956
ID59311,59311,0,6.06624174118042,104.3464076226648,81.88858142216395,0.0,93.0,93,10.0,1,,125.88252148997135,109.0,0.0,255.0,43933.0,108.87803182604615,0.9630650212349289,1.1344257929985984
ID59312,59312,0,6.289000511169434,102.16623016876368,80.22395613148483,0.0,89.0,89,10.0,1,,133.82521489971347,128.0,0.0,255.0,46705.0,110.0217368558265,0.9480149037345873,1.1838926877680287
ID59313,59313,0,6.383070945739746,104.89173081451223,81.19201302300628,0.0,94.0,94,10.0,1,,137.054441260745,164.0,0.0,255.0,47832.0,108.95585900510524,0.9765431942030847,1.2429614751631024
ID59314,59314,0,6.15363883972168,104.3491118416276,84.58731925934978,0.0,95.0,95,10.0,1,,125.93123209169055,109.0,0.0,255.0,43950.0,111.2222631001088,0.9527792616271727,1.104869186650085
ID59315,59315,0,6.331084728240967,100.14212002725607,84.32778178007754,0.0,97.0,97,10.0,1,,131.56160458452723,128.0,0.0,255.0,45915.0,111.27169716743518,0.9544774385633383,1.1548071147244159
ID59316,59316,0,6.128854751586914,101.51144115121525,84.23760330078186,0.0,96.0,96,10.0,1,,127.25501432664757,128.0,0.0,255.0,44412.0,108.37666203003648,0.9777795105926657,1.1609999154271167
ID59317,59317,0,6.373015403747559,102.1227700700838,82.81589503575525,0.0,100.0,100,10.0,1,,131.93982808022923,146.0,0.0,255.0,46047.0,111.44597856832176,0.9692206413366109,1.1653859632505634
ID59318,59318,0,6.098263263702393,104.99569945607273,77.16994345739133,0.0,102.0,102,10.0,1,,125.61318051575931,109.0,0.0,255.0,43839.0,109.17112975920497,0.9604803557269962,1.1274139259452454
ID59319,59319,0,5.981451988220215,101.23784863852669,87.19904399123972,0.0,98.0,98,10.0,1,,122.69340974212034,109.0,0.0,255.0,42820.0,110.17499396652676,0.9397453795151828,1.0790303723394739
ID59320,59320,0,6.103933334350586,103.57480038700011,75.50014906740094,0.0,103.0,103,10.0,1,,121.46131805157593,109.0,0.0,255.0,42390.0,110.3203111710554,0.9872853658856886,1.0939437020868807
ID59321,59321,0,6.184324264526367,101.13381715521757,84.3445848299979,0.0,99.0,99,10.0,1,,127.97421203438395,109.0,0.0,255.0,44663.0,109.75373122121152,0.9787627625062887,1.1534980783779758
ID59322,59322,0,6.052117824554443,104.46106121095939,82.88119825999351,0.0,101.0,101,10.0,1,,128.3295128939828,128.0,0.0,255.0,44787.0,108.62094146773372,0.929400147599082,1.138212651178121
ID59323,59323,0,6.34007453918457,101.89221851482624,78.87011850845025,0.0,105.0,105,10.0,1,,131.9541547277937,128.0,0.0,255.0,46052.0,111.489049852436,0.9598709601913612,1.1593277337097507
ID59324,59324,0,6.28648567199707,102.30509433332443,78.33356105614315,0.0,104.0,104,10.0,1,,133.17765042979943,128.0,0.0,255.0,46479.0,110.11077214668641,0.9427194451603669,1.1738265119992601
ID59325,59325,0,6.222862243652344,102.26289542290749,78.30137059273854,0.0,106.0,106,10.0,1,,131.41547277936962,128.0,0.0,255.0,45864.0,109.29135315681505,0.9693219252263665,1.1837010000116608
ID59326,59326,0,6.303287982940674,100.29683917344104,78.08143097374943,0.0,107.0,107,10.0,1,,137.16618911174785,146.0,0.0,255.0,47871.0,107.49197191396496,0.9339210436270733,1.2324589433509574
ID59327,59327,0,6.163275718688965,100.13006301342728,78.19803103499737,0.0,110.0,110,10.0,1,,128.2378223495702,128.0,0.0,255.0,44755.0,109.58457685687083,0.9546702744358122,1.143079896460694
ID59328,59328,0,6.337255477905273,100.81794799922811,78.27328980793251,0.0,108.0,108,10.0,1,,134.3266475644699,146.0,0.0,255.0,46880.0,109.88592258915163,0.9546936624172165,1.1940855630779657
ID59329,59329,0,6.227140426635742,101.5803566393546,79.28659696401671,0.0,109.0,109,10.0,1,,132.35243553008596,128.0,0.0,255.0,46191.0,108.4131578204019,0.9530490785436823,1.1914670803745118
ID59330,59330,0,6.131326198577881,99.2008689748544,80.31534259268957,0.0,111.0,111,10.0,1,,129.64469914040114,128.0,0.0,255.0,45246.0,108.93401913535115,0.9603158097445561,1.1660287773887232
ID59331,59331,0,6.36279821395874,99.49133932392685,78.37425167939745,0.0,112.0,112,10.0,1,,140.1375358166189,164.0,0.0,255.0,48908.0,106.30980261947028,0.9496581199933625,1.2841625001383794
ID59332,59332,0,5.986943244934082,101.29603904353253,76.20017193993525,0.0,115.0,115,10.0,1,,124.69054441260745,109.0,0.0,255.0,43517.0,109.53434063411797,0.9344095209355427,1.0997704653046423
ID59333,59333,0,6.206658363342285,101.19980344048011,76.27697101462546,0.0,116.0,116,10.0,1,,132.0057306590258,146.0,0.0,255.0,46070.0,109.97444829327402,0.9544818395770632,1.1723762698626436
ID59334,59334,0,6.075904846191406,98.95391858549256,80.38487073650059,0.0,113.0,113,10.0,1,,131.37249283667623,146.0,0.0,255.0,45849.0,109.26759275919159,0.9479686185190562,1.1701864520241483
ID59335,59335,0,6.34533166885376,100.27838404030433,77.08684811665843,0.0,114.0,114,10.0,1,,133.6246418338109,128.0,0.0,255.0,46635.0,108.60274847922629,0.963283438144937,1.207387913160937
ID59336,59336,0,6.193194389343262,100.51182642779926,77.39579831266607,0.0,117.0,117,10.0,1,,132.15759312320918,128.0,0.0,255.0,46123.0,108.56358818336734,0.9541702417892036,1.1887797528842208
ID59337,59337,0,6.245662212371826,101.3820117762033,77.78489238557448,0.0,118.0,118,10.0,1,,130.21776504297995,128.0,0.0,255.0,45446.0,110.25447901680214,0.9303451678143602,1.1384478071238149
ID59338,59338,0,6.300652980804443,101.88184679464268,77.30935271857754,0.0,119.0,119,10.0,1,,136.31805157593124,146.0,0.0,255.0,47575.0,106.49914597190211,0.9550451066027223,1.2505594501054391
ID59339,59339,0,6.19156551361084,104.05348617245139,81.82117878896199,0.0,122.0,122,10.0,1,,128.92263610315186,128.0,0.0,255.0,44994.0,109.74346930501144,0.9554563821078585,1.1480035205105994
ID59340,59340,0,6.16133451461792,99.95996937467933,80.76473969612462,0.0,125.0,125,10.0,1,,127.26074498567336,128.0,0.0,255.0,44414.0,110.1646530526107,0.9473193807197468,1.1239355861467195
ID59341,59341,0,6.199222087860107,103.22278343593631,80.90393977568878,0.0,121.0,121,10.0,1,,130.05730659025787,128.0,0.0,255.0,45390.0,110.21497871933738,0.9320904262342401,1.1385568722854447
ID59342,59342,0,6.201066970825195,104.08797378057345,81.94691581458588,0.0,123.0,123,10.0,1,,128.189111747851,128.0,0.0,255.0,44738.0,110.1539612018633,0.9571403460364821,1.1382421609189255
ID59343,59343,0,6.276177406311035,103.15169499687084,79.28498997462029,0.0,120.0,120,10.0,1,,129.8595988538682,128.0,0.0,255.0,45321.0,109.49752162659819,0.9763462181059321,1.1717651694797035
ID59344,59344,0,6.004281520843506,103.44706921495559,82.61164520418959,0.0,124.0,124,10.0,1,,125.26647564469914,109.0,0.0,255.0,43718.0,108.93776850739494,0.9250295525408111,1.1051076521757652
ID59345,59345,0,6.297884464263916,102.18253580132279,78.31754262898622,0.0,128.0,128,10.0,1,,131.0057306590258,128.0,0.0,255.0,45721.0,109.29136935431394,0.962327061965238,1.1756707888022282
ID59346,59346,0,6.232001781463623,99.19507442321463,78.78077079036619,0.0,126.0,126,10.0,1,,130.80229226361033,128.0,0.0,255.0,45650.0,109.2599630924349,0.9608814344777905,1.1732829746991038
ID59347,59347,0,6.34323787689209,100.95998804412692,77.58752884444189,0.0,127.0,127,10.0,1,,132.71633237822348,128.0,0.0,255.0,46318.0,110.33531594702863,0.967565829748574,1.1830172438793165
ID59348,59348,0,6.269970417022705,100.5814794132254,77.91343809701314,0.0,129.0,129,10.0,1,,130.98853868194843,128.0,0.0,255.0,45715.0,109.41282619020194,0.9519437153281556,1.1677208562499983
ID59349,59349,0,6.077525615692139,102.8018302438043,79.21952619525213,0.0,130.0,130,10.0,1,,120.89398280802293,109.0,0.0,255.0,42192.0,113.12510973340564,0.9679178663060937,1.0512528964979082
ID59350,59350,0,6.282721519470215,101.13224113078495,77.98956079124765,0.0,131.0,131,10.0,1,,129.8595988538682,128.0,0.0,255.0,45321.0,110.32689306928464,0.962283662190351,1.1544203899419303
ID59351,59351,0,6.230146408081055,99.36114851012927,73.49814828187726,0.0,132.0,132,10.0,1,,134.22922636103152,146.0,0.0,255.0,46846.0,106.97450633414576,0.9545329313170746,1.225588608856646
ID59352,59352,0,5.988992691040039,99.66206585980524,74.40992198201474,0.0,133.0,133,10.0,1,,124.06017191977077,109.0,0.0,255.0,43297.0,109.10695133082056,0.9225167621331202,1.0912244404920755
ID59353,59353,0,6.3938117027282715,101.8531020234554,75.18620261546472,0.0,134.0,134,10.0,1,,135.49283667621776,146.0,0.0,255.0,47287.0,108.62422350147324,0.9806849596662002,1.2351899715429109
ID59354,59354,0,6.064683437347412,102.49435589745133,73.49827125199158,0.0,135.0,135,10.0,1,,128.11461318051576,128.0,0.0,255.0,44712.0,109.67925305274954,0.9435822333282299,1.1341774694497635
ID59355,59355,0,6.162357330322266,105.87409215548158,71.62607598094506,0.0,137.0,137,10.0,1,,131.01146131805157,128.0,0.0,255.0,45723.0,108.49484804435964,0.9216254634264779,1.1582862236250564
ID59356,59356,0,5.79047966003418,105.03683575435298,72.92716076037945,0.0,138.0,138,10.0,1,,118.58166189111748,109.0,0.0,255.0,41385.0,107.67972042814331,0.9352128994474712,1.0643766710884783
ID59357,59357,0,5.999587059020996,101.88162830590494,73.22940386325527,0.0,140.0,140,10.0,1,,124.26074498567336,109.0,0.0,255.0,43367.0,108.6590585827387,0.9329515764070218,1.1039162826031788
ID59358,59358,0,6.1581268310546875,104.26982694668008,74.8679736351643,0.0,136.0,136,10.0,1,,125.98567335243553,109.0,0.0,255.0,43969.0,112.12319948664897,0.9461512283164492,1.0925457901504294
ID59359,59359,0,5.870222568511963,104.6954155619121,73.31842850446691,0.0,139.0,139,10.0,1,,119.30659025787966,109.0,0.0,255.0,41638.0,109.58553310377762,0.938087849375221,1.0539287623721807
ID59360,59360,0,5.868459701538086,98.61481139238984,72.06687329536953,0.0,142.0,142,10.0,1,,126.39828080229226,128.0,0.0,255.0,44113.0,106.2029833629771,0.8872105112053444,1.1190275467934927
ID59361,59361,0,5.7883381843566895,97.05077454098895,68.84591554884229,0.0,144.0,144,10.0,1,,123.02865329512893,109.0,0.0,255.0,42937.0,105.76535123308115,0.8859821262957148,1.092899526579159
ID59362,59362,0,5.996866703033447,99.95565752310824,72.50312906845856,0.0,141.0,141,10.0,1,,128.03151862464185,128.0,0.0,255.0,44683.0,106.62889040072359,0.9316965099262642,1.1582640476400268
ID59363,59363,0,6.078191757202148,96.3226018192523,71.2932429585788,0.0,143.0,143,10.0,1,,133.65329512893982,128.0,0.0,255.0,46645.0,104.8393276529931,0.905769966070316,1.2118053810351102
ID59364,59364,0,5.798910140991211,99.1315554660897,70.29292449279752,0.0,146.0,146,10.0,1,,121.87965616045845,109.0,0.0,255.0,42536.0,108.4242537861194,0.9202582471929567,1.0774195542168814
ID59365,59365,0,5.849900245666504,97.70802498772419,69.05167356609697,0.0,145.0,145,10.0,1,,125.55873925501433,109.0,0.0,255.0,43820.0,105.55194349426988,0.8995948128912131,1.12666985688171
ID59366,59366,0,6.082435607910156,99.12539769692259,69.1724834293413,0.0,147.0,147,10.0,1,,131.26647564469914,128.0,0.0,255.0,45812.0,105.47912330574134,0.9367173970621193,1.2038146984795959
ID59367,59367,0,5.933266639709473,95.84380208583086,67.17751132856313,0.0,150.0,150,10.0,1,,122.76504297994269,128.0,0.0,255.0,42845.0,107.87126125331241,0.9148246344198874,1.0874462599541233
ID59368,59368,0,5.950316905975342,96.15281857717045,69.7403443057539,0.0,149.0,149,10.0,1,,122.20057306590257,109.0,0.0,255.0,42648.0,107.62666902180001,0.9450112054454847,1.1033116128934728
ID59369,59369,0,6.053358554840088,93.49459506426413,68.85872478333984,0.0,152.0,152,10.0,1,,129.9140401146132,128.0,0.0,255.0,45340.0,107.33050552965506,0.9120478903667483,1.154733557701465
ID59370,59370,0,6.052004814147949,93.58499673299272,67.74498293913484,0.0,151.0,151,10.0,1,,131.31518624641834,146.0,0.0,255.0,45829.0,108.0264352692945,0.8947108617835262,1.1480337861953798
ID59371,59371,0,6.057952880859375,94.57427189947835,67.40817497175215,0.0,154.0,154,10.0,1,,127.6676217765043,128.0,0.0,255.0,44556.0,111.98159542088109,0.9052591802900634,1.083385423704946
ID59372,59372,0,6.086001873016357,93.27755762534453,69.68299331370409,0.0,153.0,153,10.0,1,,128.65902578796562,128.0,0.0,255.0,44902.0,107.85029034098339,0.9140113479994312,1.1393470051637273
ID59373,59373,0,6.083702087402344,95.83578030145033,69.65501231737873,0.0,148.0,148,10.0,1,,125.83094555873926,128.0,0.0,255.0,43915.0,110.78096627081932,0.9213537709772367,1.089359907315495
ID59374,59374,0,5.786874294281006,95.84570531704527,65.72523696747935,0.0,156.0,156,10.0,1,,115.55873925501433,91.0,0.0,255.0,40330.0,111.69336675790703,0.8907876780420795,0.9748478680550245
ID59375,59375,0,5.899825096130371,96.84722964290778,64.37340497587753,0.0,157.0,157,10.0,1,,117.88825214899714,91.0,0.0,255.0,41143.0,110.17014847255575,0.942864092083343,1.038587913926801
ID59376,59376,0,5.971048355102539,94.76180856952672,66.72203890757879,0.0,155.0,155,10.0,1,,120.57306590257879,109.0,0.0,255.0,42080.0,112.0362393497841,0.9180034453118411,1.0301885184519595
ID59377,59377,0,5.77509069442749,95.68893370685431,62.61541293158594,0.0,159.0,159,10.0,1,,115.83094555873926,109.0,0.0,255.0,40425.0,108.7150792894343,0.9285855315059351,1.0260010815544118
ID59378,59378,0,5.698538780212402,97.72435108545103,60.54353966165167,0.0,161.0,161,10.0,1,,115.88252148997135,91.0,0.0,255.0,40443.0,109.19994031014261,0.9115277220252674,1.0120799275239638
ID59379,59379,0,5.80117130279541,98.76325918692858,61.464563559956254,0.0,160.0,160,10.0,1,,117.9512893982808,109.0,0.0,255.0,41165.0,109.95775275338303,0.9176021603433246,1.026603522528231
ID59380,59380,0,5.875308513641357,96.33328465630888,65.23036293415737,0.0,158.0,158,10.0,1,,121.20057306590257,109.0,0.0,255.0,42299.0,109.39239135802363,0.8963803588636321,1.0474045012058257
ID59381,59381,0,5.878565311431885,98.26139046975995,61.97917923503683,0.0,163.0,163,10.0,1,,116.68481375358166,73.0,0.0,255.0,40723.0,112.69332468977356,0.9104905079467785,0.9869080230782711
ID59382,59382,0,6.035172462463379,96.72212102287885,60.95720254166916,0.0,162.0,162,10.0,1,,124.41833810888252,128.0,0.0,255.0,43422.0,109.03203845601476,0.9244032848821608,1.0962904995699947
ID59383,59383,0,5.97145938873291,99.33906696801475,64.94988305258752,0.0,164.0,164,10.0,1,,128.65329512893982,128.0,0.0,255.0,44900.0,107.23410110045978,0.9240232722128694,1.1523663888228315
ID59384,59384,0,6.417367935180664,98.9556424601463,66.64375266408851,0.0,168.0,168,10.0,1,,145.19770773638967,164.0,0.0,255.0,50674.0,105.22910634570964,0.9282137721412211,1.3284545512262578
ID59385,59385,0,6.16337776184082,100.19891474874365,64.24681497535438,0.0,165.0,165,10.0,1,,126.87965616045845,128.0,0.0,255.0,44281.0,109.28809530133718,0.9431981287368856,1.1270287077423882
ID59386,59386,0,6.1496148109436035,100.45199371288085,63.9349938985074,0.0,166.0,166,10.0,1,,125.23495702005731,109.0,0.0,255.0,43707.0,112.05997898196205,0.9268699698554841,1.0751558769367442
ID59387,59387,0,5.879256248474121,99.85190231632596,65.84453286499073,0.0,167.0,167,10.0,1,,123.26934097421203,128.0,0.0,255.0,43021.0,107.81541113941991,0.9230475631061105,1.0975852969432358
ID59388,59388,0,6.319252014160156,97.61368476550683,66.6567960345007,0.0,169.0,169,10.0,1,,137.78223495702005,146.0,0.0,255.0,48086.0,108.82139550785911,0.9331986158079012,1.2223808577303752
ID59389,59389,0,6.412771224975586,95.58798334607089,68.66599639585992,0.0,173.0,173,10.0,1,,140.15472779369628,146.0,0.0,255.0,48914.0,109.3062191905525,0.9248504466401429,1.2321608161078572
ID59390,59390,0,6.526009559631348,96.68853888856881,69.65629915198876,0.0,172.0,172,10.0,1,,145.92550143266476,182.0,0.0,255.0,50928.0,106.50263154480807,0.9337164172407505,1.3231925949289483
ID59391,59391,0,6.319834232330322,95.94219778670711,68.45686567059008,0.0,170.0,170,10.0,1,,136.98853868194843,146.0,0.0,255.0,47809.0,108.26932619489924,0.9299538937412006,1.219335667556479
